komentar,sentiment
paham materi ilmu kuliah,positif
terang ajar mudah paham,positif
nyaman rilex tegang representasi kuliah monoton semangat happy ngantuk,positif
pribadi jelas detail mahasiswa paham,positif
kuliah yg lebih utama teori jelas yg langsung praktek jado paham teori tpi paham praktek,positif
dosen friendly kuliah duniawi that was great,positif
lebih nya materi sekolah nya paham enak,positif
praktikum tugas mudah paham,positif
ajar materi mata kuliah mudah paham cepat,positif
kuliah puas dosen kuliah jelas materi ini quiz dada tantang materi quiz sebut,positif
teori praktek langsung jadi semester,positif
lebih kuliah dosen materi secrara detail mudah paham materi ppt poin materi mudah paham,positif
lebih praktikum paham materi mudah paham,positif
iyaa giat ajar kelompok puas dn bantu dg kelompok ajar,positif
lebih kuliah praktikum kalo praktek mudah,positif
jelas dosen mudah paham,positif
selesai materi bab temu quiz batas mampu paham kita,positif
kuliah laksana waktu interaktif metode ajar bosan dosen materi hasil rangkum dosen mudah paham,positif
metode kuliah kelompok efektif puas intens paham materi lingkup luas,positif
mentor utama dosen feedback,positif
kuliah ini lebih utama dosen mahasiswa santai mudah paham mahasiswa dosen profesional ajar materi mahasiswa,positif
kuliah ini teori praktikum sempat kembang dapat,positif
suka sampai materi dosen nya mudah paham ajar materi mudah paham materi mahasiswa nya paham,positif
lumayan erti materi jelas mudah paham,positif
latih tulis lapor nya tinjau ajar,positif
saya lebih utama kuliah matkul jarkom puas mampu ajar teknologi bidang jaring  komputer,positif
iya lebih kuliah puas,positif
suka sampai materi hrm singkat padat mudah paham tele materi saja praktik langsung ajar arah arah,positif
detail paham kuliah,positif
dosen brinstroming contoh materi sederhana jelas,positif
proses transfer data definisi jelas analis jaring,positif
dosen bagi layer enak terima materi,positif
kuliah jelas materi ajar,positif
materi pacu tarik ajar materi,positif
papar materi tele kuliah interaktif mhs mudah bosan,positif
jelas materi serta contoh paham matkul ini teori teori baca ulang ulang praktik contoh pusing,positif
dalam kuliah ajar dosen mudah paham,positif
interaksi dosen mahasiswa jelas,positif
interaksi dosen temu kunci paham konsep dasar materi sebut argumen bingung lagi paham materi jelas,positif
lebih utama kuliah puas kelas nya asik ekspres,positif
kuliah jaring komputer puas materi dosen materi detail kata2 sampai,positif
giat praktikum seru kenal ingat paham alat bahan ajar,positif
materi kuliah mudah paham,positif
jelas materi hrm mudah paham,positif
ajar media interaktif praktek langsung jaring komputer kelompok teman kelas,positif
penyampain materi hrm mudah paham,positif
ajar praktikum matakuliah mantap ajar ajar diskus kelompok tukar pikir sudut pandang pikran luas,positif
jelas subbab mudah paham orang awam ajar jaring komputer,positif
dosen ucap penyampaianya seginga mudah cerna,positif
tugas matang paham materi beri,positif
suka ajar bosan suasana kelas hidup materi rinci mudah paham,positif
kuliah senang bosan materi paham,positif
kuliah langsung kelas seru aktif dosen darui mahasiswa,positif
hrm terang luwes kaku mudah paham,positif
interaksi kuliah interaktif inovasi ajar agam kuliah bosan,positif
akses tahu dalam interaksi dosen teman kelas,positif
masuk materi inti dosen gambar telebih mahasiswa tau ajar bantu mahasiswa ajar,positif
kuliah lumayan puas kuliah teori praktek,positif
1 komunikasi interaktif 2 presentasi tarik,positif
lebih teori praktek selaras teori karna praktikum,positif
gambar mudah paham materi,positif
hrm materi detail lumayan mudah erti,positif
dosen udah gambar kuliah  mudah paham,positif
puas metode ajar belit belit detail jelas mudah paham ajar nya arah ajak,positif
materi mudah paham jelas mudah tangkap,positif
puas matkul ini lulus tkj ikut kuliah nyaman,positif
saya lebih utama kuliah puas sempat ajar kembang,positif
praktikum karna praktikum sy paham materi mudah,positif
metode ajar variatif diskusi games kuis praktikum bosan ajar beri interaktif antuk,positif
suka dang metode ajar dosen presentasi paham materi ajar,positif
dosen keren,positif
ketat tugas sampai materi reng prektik,positif
mata kuliah manfaat jaring komputer matkul tarik saya sistem peng abaenannya unik meminimalisir curang masuk kuliah,positif
mmmmm absensi model ttd tugas tulis kesan beda matkul,positif
beri materi dosen jelas teori praktikum mudah paham materi,positif
jelas runtut bahasa mudah paham,positif
jelas mudah paham penting paham mahasiswa,positif
puas mudah paham  materi,positif
tugas tugas dukung paham materi,positif
mudah paham jelas ajar teori seru praktikum,positif
tugas  lop banget sampai santai jelas materi mudah serap,positif
praktek langsung mudah paham,positif
metode tatap muka kelompok aktivitas kelas lbh hidup,positif
lebih matkul teori rasa puas paktiknya rasa puas,negatif
ajar senang santai tegang,positif
dosen ajar nya materi,positif
metode pembelajaranya mudah paham,positif
lebih utama kuliah metode ajar interaktif,positif
materi rinci mudah paham,positif
lebih utama kuliah ajar hrm friendly senang kuliah butuh,positif
ya puas lebih kuliah ini dosen ajar ajak mahasiswa sehingga mahasiswa paham materi dosen,positif
puas ajar teori matkul jaring komputer mudah paham bosan 9 10,positif
kuliah puas   metode bagus,positif
lebih utama kuliah rasa puas ilmu baru wawas luas,positif
gantung nikmat engga lumayan suka kuliah,positif
kuliah muas praktikum,positif
kuliah boring segi sampai materi mudah paham konsep interaktif juga quiz kelas warna beda banding matkul lain vibesnya kaya bener bener kuliah,positif
dosen enak d negosiasi d ajak konpromi,positif
materi bobot,positif
asik sihh penuh coding pikir mandiri tantang,positif
bagus kuliah tingkat skill mahasiswa ajar ilmu hrm,positif
praktikum langsung base on project jadi kuliah seru aplikasi real life,positif
lebih kuliah semester jam kuliah sesuai,positif
saya lebih utama kuliah santai kuliah jalan mahasiswa tekan,positif
lebih utama kuliah sistem bagi kelompok mahasiswa bantu selesai tugas dosen,positif
ajar nyantai tugas banget aga susah mahasiswa tekan bahas materi contoh kerja,positif
dosen materi mahasiswa erik tugas diskusi praktikum presentasi,positif
ajar bahan canda isi materi bosan,positif
kuliah matakuliah tuntut creative kembang sistem,positif
kuliah santai materi terima baik tekan mahasiswa,positif
lebih utama kuliah mata kuliah sistem paralel distribusi pandu ajar runtut nol project akhir jadi mahasiswa kewalahan ikut ajar mahasiswa ajar nol,positif
lebih utama kuliah metode ajar efektif,positif
materi ajar bobot arah metode ajar tata ,positif
saya puas karena ajar tahu,positif
puas karena ajar codingan,positif
kuliah nyaman paham materi diberika hrm tugas memberika video ajar,positif
jadi codingan hasil proyek baru,positif
dosen jarang berangkat tugas nya banyak suka lompok,negatif
matakuliah lebih dar tahu teori praktik langsung tiap materi paham kompleks nya praktik langsung segi teori segi praktik juga lebih utama puas matakuliah sitem paralel distribusi,positif
dosen ttg materi kali serta video ajar yg tonton mhs ulang kali tugas yg relevan kpd mhs individu kelompok,positif
kuliah sistem paralel terdistibusi lebih ajar kerjasama tim socket pecah masalah,positif
hrm jelasinnya santai materi,positif
kuliah materi praktikum iring mudah paham,positif
sampai materi dosen degan rinci lumayan paham,positif
lebih utama puas kuliah sampai materi mudah paham contoh praktek paham materi sebut,positif
ajar program socket,positif
jelas kuliah paham materi materi mudah paham mudah tugas tugas,positif
kuliah program target capai temu periode semester,positif
lebih kuliah puas,positif
lebih mudah paham mahasiswa bingung ajar,positif
lebih utama kuliah puas,positif
lebih matakuliah praktikum langsung mahasiswa mudah paham materi,positif
kuliah mudah jelas dosen,positif
materi struktur presentasi kelas,positif
aaya kuliah lebih materi tugas tentu,positif
fleksibel tugas kuliah,positif
lebih tugas bobot daat tingkat skill wawas sistem distribusi pararel,positif
mahasiswa ajar giat mereview materi ajar,positif
mahasiswa komunikasi paham proses ajar,positif
materi kuliah relevan dunia kerja interaksi mahasiswa aktif,positif
jelas projek nya tugas,positif
kuliah rasa mudah paham materi ajar sulit imbang teman,positif
ajar mudah paham tambah tugas rumah kasih tutorial pengerjaanya,positif
jelas enak mudah paham faham sedia video diyoutube,positif
lebih kuliah dosen selesai kuliah waktu tutorial,positif
yg fasilitas pada gedung nyaman layar proyektor lengkap dosen rajin profesional oleh teman hebat prestasi khoirul adib beasiswa amerika serikat,positif
materi kuliah lumayan paham paham pribadi butuh tangkap materi,positif
kuliah materi serta praktek tingkat paham mahasiswa materi sistem paralel distribusi,positif
detail seluk beluk kerja aplikasi milik user proses jalan atas,positif
kuliah puas project kasih deadline mepet aktif semangat ajar selesai tugas sebut,positif
lebih mata kuliah sister ajar materi struktur materi materi lompat mahasiswa nyaman ajar secra kbm ajar,positif
materi ikut langsung terap praktek mahasiswa paham cerna materi,positif
materi tarik proses ajar tarik,positif
lebih utama tau kuliah,positif
kuliah puas longgar paham materi kuliah,positif
dosen nya santai nya tal mudah paham,positif
tantang source code uji baik error terkadang pusing tugas,positif
jelas materi paham saya materi mengkases materi lelbih spesifik sumber rekomemdasikan,positif
lebih utama ajar pacu materi imbang materi rasa,positif
kuliah materi tugas tiap materi mahasiswa aktif paham,positif
proses ajar arah mana mahasiswa praktekk langsung evaluasi dosen ampu dosen materi arah,positif
lebih utama kuliah puas dosen materi dangat rinci dengam mudah paham dosen serius enjoy materi suasana kelas tegang,positif
kuliah ini sistem paralel jelas mudah paham laprak laprak paham mata kuliah nya,positif
kuliah mudah paham jasa dosen masuk mahasiswa,positif
tau teknik ajar teknik,positif
dasar pemrograman mata kuliah milik fokus bidang tambah skill materi salah mata kuliah langsung praktek,positif
mata kuliah dasar pemrograman teknik informasi,positif
paham ling praktek,positif
ajar jaring,positif
tau ilmu ilmu fiqihv karena sejati ilmu fiqih atur hidup,positif
praktikum,positif
kosong,negatif
relevansi kembang teknologi sistem distribusi kembang teknologi informasi ini komputasi awan internet of things iot komputasi bas jaring mata kuliah paham kuat konsep dasar teknologi sebut,positif
ajar sistem paralel distribusi spesifik serta praktik erti,positif
enjoy eksplor ajar santai kelompok tugas tarik,positif
kuliah santai beban enjoy,positif
tambah ilmu wawas mahasiswa haus ilmu,positif
ajar materi detail mudah paham kait materi,positif
tugas kelompok bantu mahasiswa selesai,positif
tugas struktur deadline fleksibel,positif
habis materi slalu project praktik efektif,positif
sistem ajar tarik monoton sistem ajar mahasiswa praktek jadi kompak bangun tim,positif
ajar logic interaksi server user lingkung aplikasi,positif
ajar robotika,positif
sempat paham mata kuliah sistem paralel distribusi,positif
sampai teori mudah paham,positif
dosen materi presentasi kelompok game engine,positif
mata kuliah lebih utama kuliah sistem paralel distribusi terap praktis terap aktivitas manusia,positif
jelas materi mudah paham mahasiswa,positif
mata kuliah perangkat spek,positif
lebih matkul senang ajar tsb tarik materi yg hrm mahasiswa ajar yg terang,positif
ajar blom ajar,positif
lebih utama kuliah ajar tambah tahu koneksi jaring pemrograman java netbens,positif
lebih utama kuliah aplikasi hubung,positif
lebih utama kuliah ajar matkul senang mudah paham,positif
tambah ilmu tahu hubung komputer jaring distribusi pesan,positif
tugas tugas matkul ajar tingkat skill pemrograman,positif
tambah wawas tetang pemograman,positif
dosen ramah materi mudah paham mahasiswa lain jam jarang tidur,positif
dosen paham hidup suasana kelas,positif
paham mata kuliah robitika,positif
isi kuliah jelas mahasiswa paham mata kuliah bagi mahasiswa yg asing bagi tentu,positif
puas kuliah asik senang teman ajar,positif
praktikum,positif
mata kuliah ddp dasar ajar teknologi informasi,positif
dosen rinci materi bawa kuasa materi,positif
dosen mudah paham,positif
dosen jelas serta praktikum paham materi,positif
puas kuliah offline puas dosen matkulnya paham mahasiswa,positif
paham materi kuliah,negatif
terkadang bahasa erti,negatif
kurang sisi jadwal kuliah jam siang fokus buyar,negatif
ajar mahasiswa bingung,negatif
kuliah kurang meggunakan absensi manual curang,negatif
metode paham materi,negatif
praktikum nya nyaman fasilitas,negatif
terkadang kuliah lambat jelas materi kurang,negatif
ajar cepat orang milik sulit tangkap jelas sulit,negatif
kurang nya sih boring icebreaking serius tpi tdk giat ajar ganggu latih fokus kita kalo fokus faham tetapi ya tanggung,negatif
materi teori praktikum terkadang beda lupa jelas,negatif
kuliah kurang bagi pemberitahuan dadak asdos depan bsa lagi,negatif
gesa gesa sampai materi,negatif
evaluasi praktikum mahasiswa tidak praktikum,negatif
kurang kuliah hrm jelas bahasa paham mahasiswa,negatif
materi ppt jelas paham,negatif
kelompok dadak quiz dadak efektif materi uji kadang ajar ulang,negatif
minim alat praktikum batas banyak mahasiswa beli ganti giat praktikum langsung,negatif
langsung kasih tugas selesai sebenernya gapapa dadak hehe,negatif
jam ajar cenderung dikit matkul jelas kadang,negatif
kuliah teori nyaman kurang materi langsung share whatsapp group e-learning mahasiswa kuis kes ajar dada praktikum asisten dosen ajar nyaman jadwal tentu ubah mau sks 2 jad 4 rinci ribet ganti evaluasi hehe,negatif
kurang jelas evaluasi hasil praktikum,negatif
kompak mahasiswa alangkah baik siswa milik potensi suka bagi ilmu teman nya kuliah saing cari nilai tinggi  sd smp  sma,negatif
materi dekat mahasiswa,negatif
 modul lapor nya ambil ttd  sulit,negatif
fasilitas bilang akurat ajar dasar jaring komputer,negatif
kurang materi yg cepat,negatif
jujur kurang dampak signifikan sedia hrm hadir kuliah maklum paham sibuk beliau,negatif
temu kurang kuliah temu presensi hadir beda,negatif
kurang rasa,negatif
terkadang kurang antusiasme mahasiswa presentasi dosen kait materi sulit paham,negatif
materi matkulnya guna bahasa bahasa jarang lumayan butuh effort paham,negatif
lebih materi ajar tambah wawas,negatif
kurang bahasa asing dengar istilah istilah,negatif
istilah hambat paham praktikum masuk telat kelas molor praktikun cukup,negatif
terkadang jelas materi lompat jauh ramah mula paham overall mas paham,negatif
materi ppt garis perinci,negatif
jelas kadang cepat sehingga tinggal paham,negatif
matkulnya susah orang awam basic tahu jaring komputer terkadang dosen interaksi orang orang udah basic materi itu jdi orang awam ken tahu ga ngerti bahas dosen mahasiswa udah jago duluan,negatif
kurang utama kuliah puas paham materi,negatif
kurang kuliah jaring komputer tugas,negatif
jelas cepat tinggal bahas jelas,negatif
kuliah praktikum seringkali selesai mepet laksana shalat jumat,negatif
tugas gapapa bantu materi paham lagi,negatif
kurang mata kuliah semester,negatif
nya  materi terkadang selesai bahas,negatif
jam ajar siang mahasiswa malas antuk ajar fokus modul materi teman terkadang keluh karna lumayan sulit paham perhati tidak,negatif
lingkup jaring komputer luas ajar sulit ajar nya cepat detail,negatif
semester temu kurang colok kuliah,negatif
tugas kelompok praktikum kondusif mepet,negatif
terkadang sampai materi cepat susah paham tinggal,negatif
paham materi perhati individu nyaa,negatif
terkadang paham materi beri jelas cepat paham,negatif
tugas jam matkulnya jaring komunikasi tau,negatif
batas jelas cepat kendala paham materi,negatif
gantung konteks alam individu,negatif
tugas lebih,negatif
kurang kuliah praktikum segi,negatif
1 kurang hadir,negatif
kurang kuliah praktikum terkadang ketimbang teori,negatif
materi gak langsung share kadang ragu karna bahasa asing,negatif
materi kadang cepat tugas nya dateng minggu syarat yg alhamdulillah detail,negatif
tangkap paham metode ajar duduk temu 1-6 terkadang asik main handphone paham gimana gitu beda hal pas temu 7 suruh kelompok duduk bareng2 kesan enak senang,negatif
kalo kurang temu nya kuliah waktu siang ruang lantai 4 lelah gitu,negatif
jadwal masuk praktikum kes niat,negatif
mohon maaf puas asisten dosen kuliah tunda waktu,negatif
saya kurang utama kuliah puas kurang relevansi dunia kerja,negatif
paham teori praktikum karna terkadang materi praktikum beda,negatif
praktikum nya yg beda beda jadwal beda materi asdos kendala kait matkul praktikum,negatif
global ada laptop cakap matkul,negatif
asdosnya disiplin,negatif
jam praktikum lambat jam kuliah kabar libur ajar,negatif
kurang kuliah praktikum saja asdos enak nya suka sepele jam pagi semangat kuliah malas asdos konsisten,negatif
kurang puas praktikum tata,negatif
kurang mas rasa praktikum karna kali masuk tabrak tnggal merah,negatif
kuliah praktikum gk masuk,negatif
ajar siang jelang sore jam nya istirahat mudah ngantuk fokus,negatif
jam segitu jam rawan ngantuk,negatif
asdos disiplin,negatif
praktikum assisten dosen nya tidak tanggung bicara saat mahasiswa niat rumah khianat,negatif
praktikum jalan sistematis asisten dosen telat ganti jam sore eh gilir udah brangkat gajadi karna rj45 nya habis  minggu ulang lagi udh ditungguin 1 jam lab brangkat buru buru ga sempet sarap trnyata jam ganti sore  btw nyaman jg lab nya,negatif
teori praktikum wadah kurang materi,negatif
kurang matkuk praktikum jarkom yg kadang jarang masuk,negatif
kurang segi fasilitas nya praktik,negatif
jelas paham,negatif
rambat asisten bimbing matkul praktikum kali kali puas ajar sebut,negatif
ubah jadwal yg dadak konfirmasi praktikum,negatif
ada metode ajar bagus penyampain ajar golong praktis,negatif
praktikum kondisi kelas atur efektif terkadang,negatif
kuliah nyaman praktikum keluh mahasiswa asisten dosen,negatif
1 sampai parktikum cepat mahasiswa paham paksa materi,negatif
tugas matkul praktikum jaring komputer kes sulit,negatif
kurang matkul praktikum mas bayu lambat maangganti ,negatif
kurang utama kuliah puas bagi semangat dal bekajar,negatif
arah praktikum asisten dosen ikut atur dosenya,negatif
paktikumnya asisten olah peduli bilang sendiri ken libur ya libur masuk ya masuk anak anak berangkat bilang itu wakil kelas abar,negatif
matkul praktikum asisten dosen profesional jam matkul,negatif
praktikum jam kelas c kurang,negatif
terkadang presentasi,negatif
kurang karena sihh emang dasar ngerti codingan banget,negatif
tingkat praktikum mahasiswa mahasiswa praktikum,negatif
kurang materi kuliah sempit efesien,negatif
arang pindah kelas sulit cari ruang kelas kosong,negatif
kurang dosen masuk waktu kurang paham padat jadwal dosen,negatif
kurang kuliah imbang presentasi papar materi dosen ampu,negatif
kurang tugas lumayan susah ajar kadang hadir,negatif
kuliah mta kuliah dister muas pribadi kurang dosen ampu hadir kelas kota ,negatif
materi banyak pptnya langsung praktik bingung paham materi,negatif
kuliah mata kuliah dosen jelas praktik langsung codenya,negatif
kadang tugas lumayan beban,negatif
kurang matakuliah tugas susah faktor sebab nya materi semester implementasi kerja tugas akhir,negatif
kurang kuliah kurang jelas materi,negatif
sibuk dosen masuk ganti asdos temu maksimal,negatif
kurang utama kuliah materi sulit paham butuh proses kuasa materi,negatif
terkadang sisi teman nyaman,negatif
kurang kuliah kurang jelas tutup video ajar,negatif
kurang utama kuliah kurang,negatif
jelas nya paham ringkas tugas,negatif
kurang matkul tugas berat,negatif
kali masuk kelas tinggal ajar effort utk ajar materi yg sulit mandiri,negatif
kurang simpul paham mata kuliah rumit kuliah banding bobot mata kuliah masalah kompleks,negatif
kali jam kosong materi,negatif
adakalanya dosen hadir waktu kuliah materi tinggal,negatif
sub bab materi terkadang paham erti,negatif
kurang kuliah terkadang hadir lupa informasi jadwal kuliah,negatif
kurang kuliah tepat dosen tugas online dalam kelas,negatif
kuliah tugas susah,negatif
kuliah program target kadangkala dosen masuk kuliah program kuliah ubah,negatif
kurang kuliah jam praktikum praktikum rumah terkadang mager praktikum rumah,negatif
kurang detail target mahasiswa depan nya,negatif
kurang utama kuliah puas praktikkum rumah terkadang bingung,negatif
kurang matakuliah kurang jelas kode pemrograman dosen,negatif
kuliah kurang jelas coding dasar bahasa,negatif
terkadang jam kosong telat diberitahukan jam kosong rugi mahasiswa pengaruh tugas presentasi,negatif
umum libur dadak mahasiswa tunggu jam sore energi ajar tinggal sedikit,negatif
memberitahun kelas dadak tugas materi yg paham,negatif
kurang jam ganti dosen masuk minimal preview materi mahasiswa next temu bahas,negatif
saya bagi kelompok tugas project rata mata kuliah praktikum,negatif
kadang materi cerna mahasiswa,negatif
tugas kuliah kurang materi,negatif
bannyaknya mahasiswa erti sehing projek kelompok gantung salahsatu mhasiswa,negatif
kuliah praktikum alami sulit ajar sulit pecah,negatif
ikut mahasiswa paham bahasa guna syntax,negatif
perkulihannya malam mahasiswa capek ngantuk,negatif
kurang kuliah temu dosen masuk giat kampus,negatif
kurang nya jadwal kuliah lambat informasi terima mahasiswa kait libur nya kuliah sebut bersih perhati ibadah wudhu ikhwan akhwat pisah dosen sabar mahasiswa faham dosen adil ajar mahasiswa mampu mahasiswa beda beda,negatif
kurang kuliah pribadi cepat tangkap materi langsung paham materi,negatif
jadwal kuliah laksana sore mana serta konsentrasi ikut kuliah kelas,negatif
materi kompleks rumit temu kosong durasi kuliah singkat sore kurang materi maksimal materi sampai,negatif
kurang kuliah libur dosen materi dapat,negatif
kurang mata kuliah sister hrm kali dinas kelas isi tugas grup bilang kasih tugas,negatif
terkadang sampai materi cepat mahasiswa gambar,negatif
kuliah pasti kadang ubah ubah sesuai jadwal,negatif
perkuliahane aman nya aja kadang kurang paham matkul nya,negatif
kuliah paham materi,negatif
kurang kualitas ajar metode ajar efektif dosen materi baik kurang libat dosen proses ajar  beban kerja,negatif
tugas temu tugas terkadang selesai napas lega pikir tugas selainjutnya tugas susah,negatif
temu lewat proses ajar lambat kadang materi dishare mahasiswa luar jam ajar,negatif
puas kuliah suruh ajar mandiri paham materi asal web sulit paham materi langsung,negatif
kurang kuliah kosong ajar kuliah,negatif
dasar mata kuliah maksimal materi post mata kuliah,negatif
kurang kuliah puas terkadang materi cari ajar dosen terkadang praktik pusing karna eror cari alas eror dsb,negatif
kurang info jam kosong kelas info dadak,negatif
jam sore efektif karna jarak matkul,negatif
sulit mudah fahami mata kuliah,negatif
mata kuliah dasar pemrograman fokus utama prodi teknologi informasi mata kuliah mik sks yng bilang mata kuliah asli teknologi informasi,negatif
dosen ampu mapel cepat kiprah teknologi informasi sulit paham materi,negatif
ikut ajar milik ilmu dasar,negatif
kurang sks,negatif
mahasiswa makalah,negatif
beri materi kes lambat,negatif
kosong jarang materi masuk,negatif
jam mata kuliah sore sebab rentan konsentrasi,negatif
mata kuliah mata kuliah  praktikan dunia kerja,negatif
,positif
matkul sore terkadang fokus perhati,negatif
kurang jam sore pak kalo sore lapar ngantuk,negatif
kurang dasar jadwal ajar kadang ubah sesuai jadwal,negatif
minggu jarang masuk materi,negatif
jam kosong,negatif
jam kosong,negatif
jam kuliah terkadang molor mundur jadwal asli,negatif
logic kompleks terkadang bingung mahasiswa paham,negatif
sarana,positif
bebrapa bom paham kait coding,negatif
contoh terima mata kuliah codingannya,negatif
suka ngelawak garing awkward apalagi depan,negatif
kurang utama kuliah sistem paralel distribusi kompleksitas materi kadang erti,negatif
libur suruh ajar mandiri mahasiswa terkadang alami kendala bingung materi,negatif
mata kuliah kosong temu,negatif
kurang nya yg ikut materi nya ajar saat kerja kelompok,negatif
,positif
kurang utama kuliah kuliah sore maksimal jam jam rawan ngantuk,negatif
kurang kuliah kuliah laksana sore,negatif
kurang utama kuliah puas,negatif
kurang kuliah kuliah sore jadi maksimal jeda mata kuliah pagi sore buru2 giat kampus,negatif
baik dosen hadir materi roadmap rps dikirm elearning grup wa tugas ajar materi,negatif
kurang mata kuliah saya kuliah sore jangka matkul lumayan lama mahasiswa ikut mata kuliah mudah lelah kasihan rumah nya kampus rumah malam karena teman berangkat bis brt,negatif
jujur kurang tepat fleksibel mahasiswa tunggu,negatif
alhamdulillah semester banyak tugas kelompok beban puas,negatif
kurang fasilitas ruang kelas ga kursi meja bahan alat praktik matkul robotika,negatif
kurang mata kuliah bawa smk erti,negatif
kurang utama kuliah ma had ganggu giat ajar ma had,negatif
bingung beda perintah bahasa pemrograman,negatif
dosen ampu mata kuliah cepat materi paham sepenuh materi,negatif
ada murid tampung bahasa mudah erti,positif
tugas harus kerja malam mahad,negatif
kurang,positif
puas dosen matkulnya singkat paham mahasiswa cuman anak,negatif
mudah paham,positif
mudah paham erti mem praktek ajar,positif
senang masuk kelas ajar monoton,positif
metode ajar kuliah,positif
metode ajar baik teori diptaktekan teori suka tugas tulis tulis paham teori,positif
ajar teori kurang ilustrasi,negatif
metode ajar nya ya okh samping materi praktikum nya jadi mahasiswa paham,positif
metode ajar baik hanya cepat tinggal sub pembahasanan,negatif
metode ajar mudah paham tele tele,positif
metode ajar kuliah tarik interaksi mhsnya mahasiswa dapat asah mahasiswa nya berfikir kritis bpk dosen baik suka kuliah ini,positif
puas suka mata kuliah teori praktikum semester teori langsung dosen alangkah baik jadwal kuliah langsung juga masuk,negatif
metode pekulihan efektif jelas materi jelas beri contoh nyata praktikum mudah paham,positif
metode bosan kuliah,positif
bantu proses ajar  lamgsung praktek lapang tau materi bahas kerja,positif
suka metode ajar kuliah quiz info minimal hari hehee,positif
metode baik sampai materi ringkas cepat paham,positif
metode ajar bagus efektif samping papar materi quiz diskusi kelompok monoton,positif
materi saji sub bab mudah tangkap paham,positif
alhamdulillah aman kendala sulit ikut,positif
bagus dlu dosen terkadang diskusi kelompok,positif
metode matkul teori mudah paham power point tampil ajar mahasiwa informasi ppt ringkas cakup semua papar ppt mahasiswa paham rinci,positif
metode kuliah efektif kuliah metode ajar teori praktek mahasiswa implementasi teori yg praktikum,positif
metode ajar bagus dosen nya mamaksaan materi selesai biar materi nya mahasiswa mudah paham nya,positif
bantu asisten bantu praktikum kami terkadang asisten telat lebih,negatif
bagus  rana materi langsung praktek materi nya ,positif
bagus mahasiswa paham materi seksama diskusi materi ajar,positif
metode kuliah bagus mudah paham,positif
suka bantu metode yg guna worth it duduk dengar aktif diskus ilmu insyaallah banyak,positif
bagus beda dosen presensi hadir kuliah,positif
metode ajar suasana kelas santai mudah paham dosen lalu ajar komunikatif ajak diskus dengar,positif
diskusi kelompok mudah mahasiswa ajar dapat ekspres,positif
lumayan bagus dosen tau materi layer nggak susah sih effort paham,positif
metode efektif media ppt poin materi,positif
baik mudah erti orang batu ajar,positif
metode ajar baik ajar review materi ajar ada quiz,positif
klo lumayan efektif tugas tugas jadi buka materi matkul ini,positif
bagus mudah paham bagi kelompok tambah aktif mahasiswa,positif
metode interaksi dekat mahasiswa langsung,positif
tuju metode paham kadang metode variatif bikin ngantuk,positif
metode ajar kuliah bagus,positif
metode ajar bagus dosen point rinci detail,positif
efektif kait presentasi spontan asah public speaking mahasiswa,positif
tarik mudah paham materi dosen,positif
suka metode ajar hrm senang bosan,positif
metode ajar interaktif kelompok langsung teman efektif tuntut ajar materi presentasi batas,positif
metode ajar hrm mata kuliah jaring komputer bilang lumayan sulit bimbing langsung dosen nya,positif
lumayan bagus ada diskusi kelompok kelas praktek alangkah materi fokus modul ajar tambah menggunaka jelas vidio aga langsung mudah paham,positif
ajar mudah paham luas wawas jaring komputer,positif
bagus dosen serius analogi mudah erti,positif
efektif media interaktif gambar materi ajar,negatif
metode ajar interaksi mahasiswa,positif
metode ajar senang variatif materi mudah paham antuk,positif
bantu kuliah bosan diskusi kelompok kuis,positif
metode efisien alangkah baik jam praktikum tambah,positif
variatif interaktif mahasiswa dosen mahasiswa,positif
metode ajar variasi interaktif tekan paham konsep terap praktis,positif
ajar dosen jelas kait materi,positif
kuliah metode ajar metode blended learning,positif
rentang  temu 1 - 8 1 komunikasi dosen mahasiswa interaktif 2 presentasi bawa tarik 3 metode studi kelompok mahasiswa ajar real-time tarik,positif
metode efesien paham materi praktikum,positif
baik bosan enjoy ikut mata kuliah,positif
nikmat paham suka kecepetan,positif
pribadi suka metode ajar temu 7 sifat sama,positif
metode ajar bagus dosen ajar senyum komunikasi ajar sendiri pribadi akan paham,positif
mudah paham bosan,positif
beban metode kuliah basic jaring,positif
umum metode ajar kuliah variatif inovatif,positif
alangkah matkul praktikum ajar langsung hrm ,positif
baik atas metode ajar susah bangun interaktif kelas teman diem bolos rajin kuliah,positif
bagus terkadang fokus lupa hehe,positif
suka metode ajar terap matkul ini tekan mahasiswa,positif
baik sampai materi praktik tugas ketat mahasiswa aktif ajar tugas,positif
dapat metode ajar mata kuliah mata kuliah,positif
lumayan tarik tau yaa tarik gtau alas,positif
teori langsung dosen puas interaksi alami komunikasi 2 arah taya,positif
senang mahasiswa tuntut aktif kuliah kuis praktek langsung,positif
tarik quiz kemarin bukti paham mahasiswa paham materi dosen praktikum nya efisien arah asisten dosen kes gesa asdos nya kalo ga masuk ga ngasih kabar yg abar tunggu kelas,positif
alhamdulillah mudah paham,positif
bagus tunjang paham kait materi,positif
minus nomer 2,positif
rate 9 10 mudah paham mantap,positif
,positif
quiz acu paham,positif
metode ajar ajar hrm paham mudah cerna,positif
metode ajar baik belit belit,positif
teori paham fokus dengar dosen bicara gampang erti kalo praktik langsung situ usaha coba nya gampang saya,positif
mudah paham perhati,positif
bagus sampai simple praktis mudah paham,positif
metode ajar efektif sampai materi mahasiswa,positif
dapat saya metode hrm mahasiswa nyaman ajar bawa beliau friendly topik ajar guna dunia kerja mahasiswa tarik ikut kuliah beliau,positif
suka metode ajar teori praktikum cepat mahasiswa paham paksa materi,negatif
metode ajar mudah ikut senang bosan,positif
metode seprti absen dll,positif
bagus disiplin semangat jalan kuliah,positif
suka enak dengar suka praktikum sepele adik kelas,positif
bagus mudah fahami mahasiswa basics prodi matkul prodi ti sendiri,positif
suka interaktif kadang diskusi quiz juga beda aja matkul,positif
terima runtut mudah d ajar,positif
puas puas materi,positif
baguss sebenernya telaah bener bener ajar,positif
metode bagus sesi penting tugas mahasiswa malas,positif
suka metode ajar bawa kes santai,positif
baik proses ajar metode terap ajar senang,positif
metode ajar praktis santai mudah ikut,positif
mana mahasiswa presentasi tuju mahasiswa pasif kelas,positif
seru asik santai mahasiswa tekan dosen nya uji langsung face to face ga bantai,positif
metode bagus gabung jelas dosen  diskusi presentasi,positif
senang pecah suasana canda kelas boring,positif
metode ajar mata kuliah sukup,positif
metode ajar kuliah,positif
dapat metode ajar kuliah muas terap dosen matakuliah lain,positif
metode relevan kembang zaman mudah paham,positif
metode bagus mahasiswa berekplorasi kait maateri,positif
metode yg efesien rinci jarang jelas langsung serta praktek,positif
puas,positif
metode pengajran kuliah,positif
dapat kuliah ajar modifikasi codingan,positif
kadang senang dosen gak masuk tugas nya,positif
suka metode ajar matakuliah bagus materi praktik perhati bapak,positif
metode ajar yg bagus sesuai scr materi kuliah terima mhs,positif
metode ajar bagus inovasi kuliah materi video youtube bagi kelompok atur,positif
baik kali tugas jadi lapor,positif
bagus teori contoh praktikum langsung,positif
metode ajar kuliah mudah meyerap paham sub bab nya,positif
metode ajar kuliah bagus mana teori saja praktik paham nateri sebut,positif
saya dosen jelas detail perinci mahasiswa paham,negatif
metode ajar kuliah susah tugas dosen teman kelompok,positif
metode praktikum interaksi praktik dosen kurang,negatif
metode ajar kuliah bagus lumayan paham,positif
metode ajar simpel paham,positif
dapat metode ajar kuliah mudah paham,positif
metode kuliah utama praktikum bagus mahasiswa,positif
metode laku kuliah,positif
metode bagus ajak mahasiswa aktif pasif kelas,positif
metode bagus materi tugas tata jelas,positif
efektif materi paham tugas mahasiswa susah,negatif
puas pas sesuai hasil keluar semester,positif
baik arti mahasiswa ajar bosan,positif
metode ajar mahasiswa cari fundametal materi mahasiswa bingung cari materi,negatif
metode ajar kuliah efektif variasi lebih,positif
harap jelas langsung praktek projek,positif
metode kuliah sampai singkat ringkas mahasiswa pola materi ajar praktikum mata kuliah mahasiswa sulit teman jawat,negatif
isi materi dahulu tugas rumah  tutorial pengerjaanya,positif
metode muda paham kasih saran materi video mahasiswa putar ulang,positif
senang mudah mahasiswa tugas tutorial,positif
metode ajar praktis efisien mudah difahami mahasiswa mahasiswa sungguh ajar nya metode dosen mahasiswa beda beda gantung karakter mampu dosen metode ajar uin walisongo semarang tepat,positif
materi dalam materi mudah paham video ajar youtube contoh  walicode ulang ajar,positif
metode ajar muas papar materi praktek presentasi laksana kelas,positif
metode ajar bagus jelas mudah dipahamiakan singkat kuliah materi maksimal,positif
ajar efisien mahasiswa mana kasih teori langsung suruh praktek kembang mahasiswa,positif
efektif metode struktur mahasiswa ajar kbm ajar mandiri,positif
metode baik sampai materi ikut contoh aplikasi project,positif
metode kuliah interaktif senang materi mudah paham,positif
metode baik bisa paham walaupun kadang yg paham,positif
bagus tp terkadang materi cepat susah paham materi,positif
dosen nya rinci ditail,positif
mudah paham materi tugas hehe terkadang suka bingung langsung kasih tugas,positif
baik bagi kelompok perhati bagi rata potemsi mahasiswa timpang kelompok,positif
baik metode ajar tisak monoton bosan jelas materi,positif
metode baik buru buru paham sesuai materi,positif
bagus libat mahasiswa aktif mahasiswa berfikir kritis kuliah catat baik dosen ampu metode sampai materi salur ilmu tahu laksana maksimal,positif
metode ajar kuliah baik dosen materi dosen tugas kelompok,positif
metode ajar efektif  mudah cerna mahasiswa,positif
baik bagi kelompok mahasiswa kerjasama mikir karna materi sulit,positif
bsa terang detail langsung coba tempat,negatif
metode ajar singkat mudah paham tambah praktek langsung tambah paham,positif
bagus efisien bab cpmk latih,positif
bagus detail,positif
dosen alam ajar efektif,positif
metode ajar,positif
metode lumayan efektif,positif
lumayan,positif
metode ajar kuliah,positif
metode ppt praktik ajar teori praktik nya,positif
metode ajar saya ajar kelompok mudah paham,positif
metode nya fleksibel tuntut mahasiswa keras tugas,positif
ajar hrm pak hrm nilai,positif
metode ajar mudah cerna materi rinci detail,positif
lumayan efektif,positif
bagus materi tugas lanjut paham materi,positif
suka habis materi projek praktik langsung,positif
efektif kreatif kembang potensi mahasiswa rancang project,positif
sampai dosen interaktif materi ajar runtut mudah paham,positif
dosen dg,positif
baik metode ajar paham proses sampai materi,positif
lumayan baik internet tambah paham,positif
yah standar dosen powerpoint mahasiswa materi powerpoint,positif
metode ajar mudah erti,positif
metode efektif teori preaktek,positif
baik materi terima paham,positif
metode ajar yg sulit mahasiswa suka matkul ini teori teori,positif
metode ajar bagus,positif
metode ajar kuliah video youtube ulang ajar tonton youtube,positif
dapat metode ajar kuliah,positif
dapat metode ajar kuliah bagus modul contoh kode ajar kembang,positif
metode kerja kelompok dapat lebih tukar dapat ajar diskus,positif
saya metode ajar baik mudah terima mudah paham cepat masuk otak,positif
saya metode ajar ajar dosen ampu bagus professional dosen ampu hadir dosen ampu matkul asih tugas ganti waktu situ mahasiswa rugi ikut matkul,positif
implementasi materi contoh jadi materi mudah paham,positif
metode terpa proses ajar ajar senang sepaneng ratap mahasiswa kelas,positif
paham,positif
matkul dosen materi rinci mahasiswa bingung dosen buka sesi dosen muas mahasiswa paham matkul,positif
metode ajar enak asik kelas,positif
ajar teori praktikum,positif
metode ajar efisien teori ajar praktek,positif
baik dosen terang bahasa sederhana mahasiswa cerna ajar,positif
metode ajar kuliah,positif
bagus teori praktikum praktikum bantu paham materi,positif
metode kuliah kali dosen tugas beban mahasiswa,positif
dukung respon dosen staf akademik,positif
bantu arah jelas tugas,positif
dosen acung jempol mantap bahagia,positif
kait dukung dosen staf kait kuliah dukung,positif
dukung dosen baik banyak dosen pandang motivasi luas dorong mahasiswa baik cipta ikut kompetisi,positif
awesome dosen chat mahasiswa keren,positif
kuliah mata kuliah jaring komputer penting sebab hardware ajar software brainware,positif
dosen bantu ajar cantum materi e-learning ajar,positif
dosen arah mahasiswa nya maju,positif
asa kait dukung dosen staf akademik kait kuliah ya dukung kuliah mahasiswa teknologi informasi,positif
puas bp dosen bp asisten dosen materi mudah erti,positif
dukung dosen baik sempat dijwab jelas asdos kekuranagn mana pemberitahuan dadak,negatif
asa senang semangat kuliah tapi dukung langsung,positif
dukung dr mudah proses praktikum dn proses jelas materi mahasiswa nyaman ajar,positif
senang dukung dosen staf akademik kait kuliah,positif
dukung dosen staf akademik,positif
dukung dosen staf jelas materi paham banding presentasi,positif
puas dosen staf datang lambat lebih jam normal giat praktikum jaring komputer,negatif
materi aman aman paham pas praktikum tu kadang jelasin cepat mesti yg hah hoh gimana tanda tangan lapor nitip trus udah nitip suruh sendiri dadak bangett pliss udah mepet tanda tangan kasihan kos nya kampus,negatif
kait dukung staf alademik dosen,negatif
asa lumayan senang mata kuliah teori alat nya juga dosen staf fasilitas ada tunjang kuliah jalan baik  asdos asa sebal bijak beliau ttd asdos kelas,positif
puas dukung dosen asisten kuliah bantu,positif
dukung dosen staf akademik kait kuliah ,positif
dosen asisten beliau bantu materi struktur mudah paham,positif
senang semangat  rana langsung praktek,positif
senang kelas beban asa takut  gelisah,positif
dosen ajar bagus telat kadang cepat,negatif
alhamdulillah dukung dosen staf akademik bantu jalan kuliah,positif
dukung positif kuliah dosen star akademik,positif
dosen dam staf dukung positif ajar tuntut paham imbang ajar imbang harap materi teliti puas tugas kumpul,positif
mahasiswa dukung luar butuh tekan gerak,positif
so far so good nggak kait kuliah,positif
baik dosen staf bimbing sulit,positif
bimbing ajar dukung  kuliah bantu mahasiswa,positif
lumayan baik dosen bantu paham materi bagi asisten dosen susah hubung slow respon,negatif
asa bilang senang terkadang ga terlalu,positif
sulit beberapa tugas laprak langsung masuk komting pj matkul,positif
dukung dosen staf terkalit kuliah motivasi,positif
senang dosen materi jelas cuman terkadang materi bahas global khusunya terkadang udah jelasin materi kompleks cuman usul materi paham mana,positif
asa kait dukung dosen staf akademik kait kuliah dukung staf akademik,positif
asa bilang senang senang dosen masuk jelas materi detail tugas,positif
dukung ayom mahasiswa,positif
bagus tingkat depan kuliah,positif
asa hrm galak senang senang saja,positif
dosen staf akademik dukung kuliah sedia ruang alat bahan praktikum sedia jasa fungsi alat,positif
asa kait dukung dosen kuliah bilang,positif
lumayan baik cukup paham dukung bentuk apa jalan,positif
bagus dosen terang bahasa mudah paham mudah cerna,positif
dosen staf akademik bantu,positif
segi sampai materi respon mahasiswa tanya dsb,positif
dukung dr dosen staf akademik kait kuliah motivasi semangat jalan kuliah,positif
mantap dosen kuliah ketimbang masuk kuliah efektif kendali,positif
dukung dosen mahasiswa dukung mahasiswa nya,positif
dukung lumayan dukung praktikum,negatif
baik mahasiswa dosen staff akademik,positif
dukung dosen staf akademik bantu mahasiswa kuliah,positif
dukung dosen aslab dukung kuliah,positif
dukung dosen staf akademik lumayan tingkat,positif
dosen staf akademik dukung kuliah fasilitas metode ajar,positif
dosen staf dukung giat kuliah,positif
muas orang ajar matkul mudah paham,positif
normal normal ajar nekoneko to the point,positif
senang karena dosen staf sifat senang,positif
asa dukung dosen kait kuliah kok ajar nya suka,positif
dosen enak ajar praktikum,negatif
saja ikut yg dosen perintah,positif
syukur milik dosen staf akademik dukung bantu kuliah,positif
saja karna apa dukung kalo semangat,positif
alhamdulilah lab kabi mohon layak  trimakasih,negatif
senang,positif
dukung,positif
bantu ketat kuliah serius senang praktik,positif
kurang asdos,negatif
asdos asleb nya jengkel hehe,negatif
kurang praktikum asdos masuk kena tanggal merah,negatif
asdos masuk,negatif
dukung dosen staf akademik pengaruh semangat ajar mahasiswa,positif
alhamdulillah,positif
lumayan tambah semangat,positif
senang karna sabar hadap mahasiswa yg belumnpaham tpi minus nomer 2,positif
rate 6 10 lbih staf akademik si ga kasi lab jarkom layak ya ac ya gimana ya,negatif
bimbing kurang teori praktikum,negatif
praktikum karna kali lambat hadir asdosnya,negatif
dukung dosen dukung,positif
,positif
nama nya mahasiswa harus nya dukung kampus wajib,positif
,positif
dukung dosen bagus milik tanggung ajar ajar paham materi beri staff sisi penting kuliah,positif
asa senang ajar mudah masuk materi,positif
dosen staf bimbing mahasiswa teori praktek mahasiswa latih kerjasama tim,positif
praktikum kali masuk mahasiswa tunggu lab,negatif
asisten dosen tanggung wajib,negatif
asdos  lambat,negatif
asa bohong terkadang kecewa,positif
dosenya enak staf akademik enak asli jasa cuman negatif,positif
nyaman dukung dosen staf,positif
cukup staf akademik ga ain lab bagus liat layar monitor dengak dengak bikin kepala lumayan sakit,negatif
terima,positif
bagus,positif
kurang karena emang dasar emang dijelasin cuman nyari referensi,negatif
suka dukung nya bantu proses ajar cipta suasana nyaman,positif
dukung saya dik materi kelas,positif
bagus dosen staf layan baik dosen ajar,positif
asa baik dosen paham susah mahasiswa dosen toleransi mahasiswa,positif
dukung dosen bilang papar materi sesuai rps bahas kuliah,positif
asa kait dukung dosen staf akademik kesan senang ikut kuliah,positif
dukung dosen baik point minus no 2,positif
sih dosen materi detail dosen suruh ppt masing2 mahasiswa,negatif
dukung dosen matakuliah bilang,positif
dukung dosen staf akademik kait kuliah oke,positif
dukung dosen ampu rasa temu ke-8 ini,positif
tersuport semangat jalan kuliah,positif
baca,positif
asa kait dukung dosen staf bantu proses kuliah,positif
puas,positif
dosen nyaman kuliah,negatif
asa senang dosen dukung motivasi mahasiswa,positif
dukung staf akademik dosen materi,negatif
kait dukung dosen  bagus mahasiswa,positif
dosen materi dg mhs materi yg ajar mandiri butuh usaha utk ajar,positif
dukung dosen dorong mahasiswa kerja ajar mata kuliah,positif
baik praktek lamgsung alat,positif
staf bantu,positif
prasaan kait dosen staf akademik kuliah nyaman,positif
dukung mana materi sesuai mesti dukung sarana prasarana pada,positif
dukung dosen paham mata kuliah ajar,positif
senang kuliah bantu guna,positif
biasa jam praktikum kuliah materi matakuliah butuh praktikum mahasiswa paham materi ,negatif
saya dukung dosen kait kuliah dukung staf dukung,positif
dukung dosen staf dukung,positif
senang dosen staf akademik dukung kuliah,positif
dosen dukung kait kuliah kurang jelas kode pemrograman,negatif
asa kait dukung dosen lumayan dukung,positif
dukung dosen giat ajar ajar selesai lancar,positif
dukung saran dosen bantu mahasiswa kembang,positif
baik dosen presensi kuliah,positif
dosen staff dukung kuliah sister,positif
saja kuliah,positif
dosen ajar,positif
puas dukung dosen staf akademik,positif
byasa,positif
saya evaluasi praktik mahasiswa dosen mahasiswa aktif sulit alami pecah kelas kurang,negatif
sampai materi mahasiswa berani,positif
dukung dosen baik jadwal ganti,positif
dukung staf akademik dian atk uts,positif
dosen dukung kuliah sini staf akademik ramah murah senyum,positif
dukung manfaat kuliah sistem pararel distribusi fasilitas ppt materi video ajar youtube dukung ajar kuliah,positif
puas kait jadwal kuliah laksana sore hari terkadang mata kuliah dadak batal serta kelas,negatif
temu kosong tinggal materi,negatif
dukung dosen efektif temu kali libur ajar materi mudah erti,negatif
kalo staf akademik dosen hrm komen kait mata kuliah sister,positif
senang tantang lulus sma background teknologi keras ajar paham materi materi,positif
dukung dosen kuliah rasa materi serta referensi,positif
asa senang dukung dosen staf akademik,positif
dosen dukung mahasiswa salur bakat kreativitas,positif
senang dosen jelas rinci ditail,positif
terkadang dosen kosong jadwal dadak mepet telah jam matkul,negatif
baik dosen dukung penuh ajar mahasiswa jam ajar luar jam ajar apa,positif
rasa dukung staf akademik,negatif
dukung dosen staf akademik prioritas kait kuliah butuh karna kesan mahasiswa,positif
kait dukung interaksi mahasiswa dosen bagus bicara kait dukung fasilitas infrastruktur sebab kuliah tergambat,negatif
asa kait dukung dosen kait kuliah saja asa senang saja,positif
dosen dukung mahasiswa paham mata kuliah tugas mandiri kelompok mahasiswa mempertanggungjawabkannya presentasi atupun asesmen,positif
senang dukung dukung dosen staf akademik jadi semangat inspirasi,positif
bagus baik mahasiswa bagus dukung,positif
dosen staf suport mudah paham langsung sigap salah,positif
senang beliau beliau mensupport ajar,positif
,positif
muas dosen seksama,positif
asa senang,positif
terkadang jarang hadir,negatif
senang,positif
dukung dosen staf akademik kait kuliah,positif
dosen ajar sangaat skill bidang nya materi mudah paham,positif
dukung,positif
motivasi semangat beban,positif
baik dosen perlahan insyaallah paham,positif
dosen dukung edukasi dasar krs beri materi,positif
dosen yg dukung matkul ini staff akademik,positif
dukung dosen staf akademik bagus,positif
terkadang bosan dosen trlalu bnyak materi contoh praktik,negatif
dosen staf prodi ti dukung,positif
mensupport mahasiswa contoh code,positif
sarana,positif
dukung fasilitas fasilitas,positif
baik sampai materi faham erti,positif
dukung dosen dukung dosen rajin berangkat waktu kadang ruang,positif
dukung dosen staf akademik baik sistem ajar jalan,positif
puas dosen laksana tugas ajar,positif
baik dosen mata kuliah dorong mahasiswa,positif
dosen staf akademik bantu mahasiswa jadi nyaman ikut kuliah,positif
bagus sesuai butuh mahasiswa,positif
asa kait dukung dosen staf akademi kait kuliah terima kasih tahu,positif
asa kait dukung dosen staf akademik kait kuliah,positif
asa kait dukung dosen staf akademik kait kuliah dosen dukung terang,positif
kait dukung dosen jelas arah kuliah masuk project kelompok,positif
asa saja dukung kuliah akademik salah wajib dosen staff,positif
baik karena masuk jajar,positif
mahasiswa temu masalah dosen bantu pecah solusi,positif
baik antusiasme perihal surat surat perijinan,positif
baik kurang dukung praktik robotika,positif
dukung dosen kuliah positif mahasiswa nyaman kuliah,positif
asa senang dukung dosen staf akademik,positif
batu susah,positif
baik konsultasi bimbing mahasiswa,positif
baik jalan peran profesi peran,positif
asa kait dukung dosen staf akademik kait kuliah bantu,positif
senang dosen terang jelas serta praktikum praktek teori materi dapat,positif
dukung dosen semangat kuliah kalo dosen dukung kuliah,positif
puas alat lengkap,positif
pada nyaman,positif
dukung kampus penuh butuh praktikum,positif
asa dukung sarana prasarana kait kuliah bangga,positif
prasarana yg sedia kuliah baik alat yg praktikum laptop proyektor tampil materi,positif
dukung sarana prasarana kait kuliah bagus sarana ajar praktikum,positif
sarana prasarana nya alat tempat alat lengkap tempat ruang kelas nyaman,positif
sarana prasarana pada praktek pc teman milik pc lumayan ganggu proses ajar,positif
sarana prasarana kuliah dukung lap,negatif
asa kait dukung sarana prasarana kait kuliah lengkap wadah praktikum,positif
puas praktikum fasilitas kampus mahasiswa ajar kerja guna beli alat,positif
sarana prasarana padah mana alat butuh praktikum sedia guna,positif
sarana prasarana alat praktikum pada ganti,negatif
puas fasilitas dukung kuliah waktu praktikum mahasiswa coba dn memhami,positif
senang dukung sarana prasarana kait kuliah,positif
kait sarana prasarana kuliah pada,positif
kait sarana prasarana metode ajar alat - alat m mamadai,positif
fasilitas kelas fasilitas giat praktikum pada,negatif
aman terkadang matkul praktikum butuh alat converter adapter susah nyarinya ngerti,negatif
lebih kurang sarana prasarana,negatif
no 5  ajar mata kuliah alat tunjang materi media mahasiswa paham sedia batas tempat kelas baik guna e-learning kumpul tugas efektif mahasiswa mudah akses e-learing,positif
kecewa alat bahan praktikum mahasiswa gilir coba,negatif
dukung sarana prasarana kait kuliah mahasiswa milik alat laptop praktek dosen asisten dosen nya perhati,positif
baik lumayan lengkap pada mahasiswa praktikum,positif
alhamdulillah,positif
bagus perangkat rusak tang potong tajam,positif
ajar teori yg gambar lasung alat praktek,positif
bantu sarana prasarana sedia alat praktikum jujur kali tahu,positif
pada modern sarana prasarana kuliah,positif
sarana prasarana praktikum normal dapat,positif
sarana prasarana kuliah kadang pada batas alat banding  banyak mahasiswa,negatif
sarana prasarana sih bagus ya sayang aja lantai 4 males naik siang siang,positif
kurang fasilitas alat praktikum kurang barang habis alat jaring lengkap,negatif
dukung fasilitas,negatif
sarana prasarana praktikum ganti praktikum butuh,negatif
dukung matkul bilang lumayan dukung teori praktek2nya jg mudah paham penjelesanya no complain tau univ banding,positif
pada praktikum lantai 4 sempit,negatif
dukung sarana prasarana golong kuliah jalan nyaman,positif
gorden kelas tutup kadang kena pantul cahaya jendela proyektor bikin sakit mata pusing kelas kotor alat bersih seperti sapu ekrak bersih kelas jdi nyaman wifi kampus ngelag lantai 4 ga dapet sinyal,negatif
asa kait dukung sarana prasarana kait kuliah bagus,positif
asa kait sarana prasarana kait kuliah,positif
lengkap terkadang alat yg tambah,negatif
yah sedia sarana prasarana,positif
asa kait dukung sarana prasarana kait kuliah bantu mahasiswa ajar bangku kuliah,positif
asa dorong ajar lengkap fasilitas staf akademik dukung,positif
asa kait dukung sarana prasana kuliah bilang,positif
batas praktek penuh moga depan tingkat,positif
baik sedia alat mahasiswa susah alat butuh jam praktikum,positif
sarana prasarana kuliah kelas nada bantu fokus minim distraksi,positif
baik alat tambah mahasiswa alam guna alat2,positif
sarana baik praktikum lab nyaman sinyal wifi masuk lab,negatif
sarana prasarana kuliah tangga ruang lantai 4  giat ajar ruang langsung terjun lapang,positif
sarana prasarana pada kelas lab praktikum kurang yg nyaman,negatif
sarana prasarana jaring komputer muas alat bahan habis lab,negatif
baik sarana prasarana pada tunjang giat ajar,negatif
sarana prasarana pada dukung hasil kuliah,positif
alat praktikum,negatif
dukung sarana prasarana praktikum pada giat praktikum,negatif
dukung sarana prasarana cukup,negatif
sarana karna sedia alat alat praktikum alat dukung giat kuliah,positif
sih alat batas praktikum kurang materi telat share,negatif
wifii jaring kelas beda kadamg lot kadang lancar kadang ganggu kelas,negatif
alat lengkap,positif
asa ya yah kuliah laku lantai 4 laksana siang hari lelah gitu,positif
praktikum,negatif
kait sarana prasarana kuliah lumayan padah,positif
umum sarana prasarana kampus pada dukung proses ajar ajar,positif
pada kelas praktikum kurang fasilitas,negatif
alhamdulilah cape rooftop trs klsnya ga meja kadang timbul ngantukan duduk bebas lantai,negatif
bagus terkadang jaring wifi trobel bagus,negatif
dukung  tools crimpingnya,negatif
baik sempit lantai 4 alat sedia mahasiswa bantu,positif
lab praktikum pindah mudah akses tangga biar lelah,negatif
mm lab praktikum pada karna ruangnnya leseh kondusif,negatif
sarpras dukung kuliah lengkap,positif
pada,positif
materi nya enak praktikum nya kaya bilang arah asdos mahasiswa guna sarana prasarana praktikum tempat nyaman ajar kondisi,negatif
alat pratikum yang,negatif
pada nyaman,negatif
senang keluar uang praktikum denda salah praktikum tpi minus nomer 2,positif
kayakk no 6 alat abuat prqktikum jg dikit jd ganti knp ga 1 org kasi 1 alat jd ga makan pas praktikum krna ganti,negatif
,positif
lab nya,negatif
sarana prasarana lengkap praktik rasa cukup,positif
,positif
pak kaya no 5,positif
baik sarana prasana pada kecuali lab praktikum,positif
bagus sarana prasana ajar,positif
sarana prasarana lengkap kurang alat praktikum beli pinjam,negatif
sarana prasarana kuliah mumpuni antri antri pakai fasilitas kuliah selesai mahasiswa selesai praktik,negatif
sarana prasarana  dukung kuliah,positif
alat praktikum banyak efektif giat praktikum a,negatif
sarana prasarana suruh beli converter lan,positif
lumayan kecewa asa sarana mahasiswa,negatif
sanagt senang dikarenakanbtida drnda salah alatnatau bahan praktik,positif
emmm yaaa tau sarana prasarana hehe,positif
kalo alat praktikum cukup poin 5 reng lab,positif
cukup praktikum alat2 printer dll,negatif
mumpuni,positif
cukup kadang wifi-nya gimana yaaa ya gitulah pokok,negatif
sarana prasarana pada siswa wajib ikut kuliah detail,positif
dukung prasarana andal laptop pribadi,positif
sarana prasarana pada bukti fasilitas mahasiswa kampus,positif
sarana prasarana pada ac proyektor kursi keras terang,positif
sarana prasarana  kendala kendala jaring kadang sulit mahasiswa ajar,positif
lumayan dukung temu kendala sarana prasarana,positif
sarana prasarana kuliah matkul paham matkul praktikum fasilitas kampus lab  oiya ruang 3 10 wifi nya lot,negatif
baik kondisi sarana prasarana,positif
dukung sarana prasarana matakuliah,positif
dukung sarana prasarana kait kuliah cukup,positif
dukung fasilitas rasa langsung kuliah bagus jaring wifi ruang kelas nyaman,positif
sarana prasan pada kadang kendala jaring wifi lambat,negatif
mata kuliah,positif
asa kait dukung sarana prasarana komputer lab support pakai proses kuliah,negatif
puas sarana prasarana pada,positif
dukung sarana parasara sebnernya lumayan kurang contoh wifi ruang ajar terkadang kotor,negatif
sarana prasarana kuliah pada kuliah singkat,negatif
pada spidol gak kadang lampu mati ac mati panas,negatif
segi sarana prasana dukung,positif
dukung sarpras lcd proyektor baik lebih alami kendala wifi yg lot,negatif
kuliah pakai alat alat sarana prasarana media ajar proyektor bagus,positif
kurang kuliah laptop sarana tunjang stop kontak sedia kadang wifi mati lot,negatif
sarana prasarana sesuai visi misi uin walisongo semarang,positif
sarana prasarana wadah mahasiswa aktif kuliah,positif
dukung sarana prasarana kait kuliah,positif
saya sarana prasarana kuliah padah ajar nyaman tertib,positif
sarana prasarana kuliah mahasiswa nyaman semangat kuliah,positif
biasa sarana dukung beri materi sarana prasarana praktikum,positif
dukung sarana prasarana moga tingkat,positif
asa sarana prasarana dukung ajar mahasiswa,positif
asa kait dukung sarana prasarana kait kuliah kadang  kait sarana,positif
laptop sendiri koneksi wifi pada cepat wifi uin sangan bagus trouble jaring,negatif
sarana prasarana kuliah,positif
sarana prasarana bagus suka kait led proyektor kadang sendat colok laptop,negatif
dukung sarana prasana tingkat kadang lcd guna,negatif
baik lingkung ajar nyaman sarana prasarana,positif
mumpuni fasilitas kampus,positif
dukung sarana prasarana kuliah kurang contoh wifi kadang signalnya dukung,negatif
bagus alami kurang apa kuliah,positif
sarana prasarana kuliah pada nyaman,positif
sarana prasarana praktikum memadhai,negatif
dukung sarana prasarana kuliah cukup ada lab komputer batas ratus mahasiswa tambah matkul materi praktikum laboratorium komputer,negatif
ajar kelas sedia colok listrik laptop mahasiswa,negatif
normal aja sesuai kuliah sarana prasarana benar bantu mahasiswa,positif
sarana baik awat nya kurang temu kursi layak pakai sedia kelas,negatif
sarana kampus pada fakultas saintek lahan parkir perhati kamar mandi ecek aman bersih nya,positif
no 5 dalam kuliah dukung manfaat kuliah sistem pararel distribusi fasilitas ppt materi video ajar youtube dukung ajar kuliah,positif
dukung sarana prasarana baik ruang kelas laksana kuliah presentasi tugas,positif
sarana sedia kampus pada masalah kerepot tugas laptop,positif
sarana prasarana mahasiswa kadang risih suasana kelas kadang laci sampah kotor,negatif
dinas saran tugas  materi video ajar jam kosong buang sia,negatif
baik sarana prasarana dukung kuliah,positif
proses kuliah sarana prasarana,positif
senang wajar dukung sarana prasarana kuliah ini,positif
sarana prasarana dukung kuliah terkadang wifi lot koneksi,negatif
senang dukung yg motifasi,positif
puasa keluh parkir ganjal parkir atas capek jalan kelas jauh jalan siang mahasiswa cape kuliah,negatif
baik kampus sedia ruang ajar nyaman sera fasilitas,positif
dukung fasilitas ruang wifi tugas,positif
sarana prasarana pada kurang baik,positif
sarana prasarana pada kelas bayang mana kelas ada sedia air mati sebab nyaman,negatif
asa kait dukung sarana prasarana kait kuliah pada kuliah butuh proyektor presentasi materi laptop mrngerjakan tugas,positif
dukung sarana prasarana laboratorium sedia alat alat tetapi kurang,positif
senang karna sarana prasarana layak kuliah,positif
baguss mendukungg semangat percaya dukung,positif
sarana prasarana dukung mata kuliah bilang lengkap layak,positif
pada mensupport giat praktik,positif
,positif
pada,positif
,positif
sarana prasarana pada,positif
pada,positif
sarana prasarana kait kuliah cukup,positif
sarana laptop mumpuni,positif
sarana prasarana bilang dukung,positif
sarana prasarana karna praktikum gantung alat spt laptop dll,positif
baik,positif
sarana prasarana mahasiswa ajar,positif
sarana prasarana cukup,positif
sarana prasarana tunjang kuliah mamadai praktik,negatif
susah parkir lab komputer komputer android studio lag krena laptop dukung android studio,negatif
maklum prodi baru ruang kelas yg ungsi gedung fakultas,positif
device sedia laboratorium kadang lot,negatif
,negatif
senang dukung sarana prasarana kuliah nyaman,positif
saran tambah laboratorium komputer nya,negatif
bagus ruang nyaman sedia fasilitas komputer lengkap walau pakai laptop sendiri,positif
sarana prasarana realisasi fasilitas,positif
kurang terkadang praktek butuh koneksi cepat cepat internetnya pada,negatif
baik mata kuliah sedia sarana prasarana,positif
sarana prasarana nyaman,positif
bagus,positif
asa kait dukung sarana prasarana tekait kuliah senang gedung fasilitas nya bagus lab isdb sedia pc bagus,positif
asa kait dukung sarana prasarana kait kuliah pada,negatif
asa kait dukung sarana prasarana kait kuliah kembang program chat lanjut tugas selesai dosen tampil milik dosen,positif
sarana prasarana sedia wifi terkadang wifinya lancar lebih bagus,negatif
matkul sister pada konsentrasi hardware sk minim sarana fasilitas,positif
kurang kurang parkir motor akhir cuaca kota semarang panas kasihan mahasiswa berangkat kuliah jalan parkir monumen berlian samping soshum,negatif
jujur teman teman sepakat kelas daya arus listrik tambah roll kabel pakai kelas pengap sinyal internet baik wifi uin jangkau,negatif
alam notabene santri jadi biasa sarana prasana,negatif
kelas sk kelas ga meja kursi masak leseh terus,negatif
sarana prasarana nya kurang lengkap,negatif
asa senang dukung sarana prasarana,positif
fasilitas contoh pc,negatif
padah dukung giat kuliah sihingga tuju ajar capai maksimal,positif
sarana prasarana pada ruang kelas yg milik fasilitas lengkap tunjang proses ajar efektif,positif
asa kait dukung sarana prasarana kait kuliah pada,positif
wifi ruang kali kadang lot harap wifi lancar,negatif
sarana prasarana kuliah butuh tingkat,positif
tambah alat praktikum ada ajar efektif nanggung,negatif
santai terang ajar guma bahasa mudah paham mahasiswa dasar mahasiswa paham bahasa yg,positif
ada alat banyak,negatif
saran mahasiswa paham,negatif
kuliah baik tambahanya absensi e learning curang,negatif
ilustrasi kait materi teori cerna moga praktikum fo sendiri2 wkwkw maaf pak,positif
saran sedia ruang praktikum alat alat lengkap suasana nyaman,positif
bahas materi cepat lulus man sah paham,negatif
lap baik,negatif
saran tingkat alam kuliah tarik mhsnya kreasi,positif
terkadang lupa teori praktek matkul teori praktek jadwal hari,positif
metode senang,positif
saran nya lab praktikum benah praktikum nyaman,negatif
tingkat evaluasi praktikum proses hasil yanv praktikum,positif
lengkap alat praktikum kalo rj45 kemarin kurang gagal coba suruh ulang lagi ngga ulang bahan,negatif
saran dosen ppt kelas ajar kembali kumpul ttd asdos boleh bareng teman yg simpel,negatif
depan praktikum praktikum asisten dosen sulit tanda tangan kelas serah pj nya wakil kelas tanda tangan biar efektif,negatif
kuliah laksana sama hari yg teori praktikum mudah kuasa materi langsung,positif
kuliah kelompok efektif praktikum cepet cepet njelasinnya perlahan lahan gapapa paham gada hah gimana,positif
jelasin praktek matkulnya tetep biar langsung gambaranya,positif
praktikum alat banyak muas paham mahasiswa  asdos pilih asdos profesional friendly,negatif
sedia alat butuh praktikum kurang,negatif
saran kait kuliah depan kuliah molor jam masuk jam,negatif
telat kabar mahasiswa wakil mahasiswa tugas,negatif
sistem ttd nya sisteatis,negatif
ada study aja sih,positif
kumpul tugas praktikum terkadang asdosnya ruang  kadang tunggu jam yg tentu,negatif
alat bahan praktikum banyak tambah pribadi suka ada quiz kemarin indikator paham materi beri,positif
tahan presentasi hadir ttd kuliah,positif
ulas materi materi,positif
mahasiswa tugas kait ajar tingkat mutu ajar,positif
matkul bilang nggak mudah taruh pagi aja siang siang ngantuk,negatif
saran lengkap alat praktikum jaring ajar,positif
kuliah asik mahasiswa tekan evaluasi simpul jam kuliah,positif
baik sarana praktikum tambah praktikum jalan baik laboratorium sempit dukung praktikum,negatif
saran jelas bahasa ramah mula karna matkul ini beberpa mahasiswa smk,negatif
saran video ajar ulang materi,positif
ubah proses ajar cepat mudah paham materi tahan tingkat kait kuliah,negatif
minimal kelas sedia sapu ekrak wifi nya cakup luas,negatif
saran tingkat alam kuliah metode ajar tarik,positif
saran dosen prodi sedia tempat lab luas alat praktikum mohon banyak mahasiswa ti tambah,negatif
kuliah materi praktikum papar sambung materi mudah paham koneksi temu,positif
praktikum baik siswa sempat praktikum crimping cable dll selesai praktikum mepet shalat jumat,negatif
senang metode ajar hrm tugas minim,positif
harap depan metode ajar interaktif efektif kurang bosan mahasiswa tingkat semangat ajar mahasiswa,negatif
depan luas ruang alat praktikum,negatif
saran tingkat prasarana pratiknya jaring wifi ruang praktik yg ada ajar teori metode vidio gambar mudah paham,negatif
detail terang materi sempurna,negatif
tingkat alam kuliah tahan,positif
media ajar media interaktif representasi materi ajar ppt ganti media video,positif
metode ajar senang bosan sampai mudah paham materi cepat kata yg asing umpama yg mudah paham,negatif
kuliah kali terjun lapang langsung dunia kerja efektif tingkat alam,negatif
materi teori praktikum beda terkadang kesalahpahaman mahasiswa tugas,negatif
alat - alat tambah ruang besar lantai 4,negatif
sistem kuliah mudah mahasiswa paham sarana prasarana tingkat dukung giat kuliah,positif
manfaat teknologi canggih tingkat ajar fasilitas akses materi ajar,positif
kurang beri tugas mahasiswa,positif
tingkat alam kuliah kuliah intens materi tugas langsung inti materi matkul,positif
1 tingkat sarana prasarana alat bersih  wifi nyaman mahasiswa,positif
alat praktikum kurang alat,negatif
perinci jelas nya yg awam materi dishare kuliah,negatif
materi yg ajar kelas,negatif
saran ajar kelas he he he,positif
saran depan mata kuliah taruh siang pengaruh ajar metode ajar saya terimakasih,positif
pindah lab yg lantai 4 mending cari kelas kosong,positif
tingkat alam kuliah ganti asdos yg manajemen baik,negatif
tingkat relevansi dunia kerja-seperti-memberikan contoh relevansi materi guna hidup tingkat kualitas metode ajar,positif
kelas praktikum fasilitas lab ti komplit,negatif
saran lab pi dah layak trs ajar praktikum gabung teori kondusif,negatif
kuliah seru game ice breaking mahasiswa antuk kelas aktif,positif
tingkat alat lab lab g well,negatif
tempat meja kursi diefektikan jam praktikum tugas tumpuk salah ajar berangkat,negatif
kasih saran ganti asdos ganti lab asdosnya ganti enggak kasih nasihat konsisten,negatif
ganti asdos keren tanggung,negatif
sarpras ajar lengkap diupgrade depan sesuai kembang,negatif
jam praktikum konfirmasi tidqk dilaksanakn perkuliahab,negatif
praktikum tolong asisten dosen nya tanggung pegang kelas harap bertanggungjawab sulit giat ajar mahasiswa,negatif
lab pratikum ruang engap udara kamar mandi lantai 3,negatif
asdosnya tegur disiplin,negatif
saran karna tpi lrbih perhati praktikum,positif
jadwal praktikum scr sistematis klo emg halang hadir enggak kabarin minimal 5 jam sblm praktikum alat praktikum ruang yg hrs optimal,negatif
banyakin praktikum mudah paham kembang,positif
praktikum,positif
kembang segi sarana prasarana praktik teori dukung,positif
saumpama ubah jadwal konfirmasi dulu praktikum nya,negatif
tau ngasih rekomendasi apa cuman kek kalo masuk kuliah ganti asisten mohon pilih asisten tanggung,negatif
disiplin dosen mahasiswa,negatif
terus mengevalusai staff,positif
saran depan praktikum evaluasi terkadang asisten dosen hadir mahasiswa dalam kelas sarana prasarana tingkat alat praktikum,negatif
saran kuliah gambar praktik lapang mahasiswa sambut kuliah tau mata kuliah dunia kerja,positif
kelas batal mohon konfirmasi grup minumal 1 jam kelas,negatif
saran praktikum isi herry asisten bertanggungjawab lebih bagus,negatif
saran wifi lantai 4 koneksi jaring,negatif
saran sarana mahasiswa mahasiswa ikut,positif
ganti asisten dosen sendiri tau gimana karna pandang diri sepele,negatif
lab lantai 4 lab ti kayak gitu fasilitas praktikum,negatif
banyakin analogi biar nangkep paham,positif
sarana prasarana d siap sisi alat ajar,negatif
ada pas,positif
up gread sii nyepeleinn matakuliah,positif
rekomendasi tambah praktek siswa moga materi tingkat softskill mahasiswa ti,positif
rekomendasi kuliah referensi lanjut bahan ajar kelas,positif
saran saya parkir pikir banyak mahasiswa bawa motor pikir lift tiap fakultas,positif
saran kuliah atur dosen ijin info jam,negatif
metode ajar upaya mahasiswa bosan contoh main games sederhana mahasiswa semangat ikut kuliah,positif
butuh ajar dosen ajar santai bikin mahasiswa terkadang takut telat ngumpulin tugas nya bikin mahasiswa tekan kuliah ajar,positif
metode semester matkul  moga dosen masuk materi ghosting,positif
sering2 materi praktik materi tolong dianlogikan biar paham mahasiswa,positif
saran tingkat alam kuliah matkul mengkoding beda codenya,positif
alangkah mahasiswa paham kait materi yg,positif
rangin jam mata kuliah kosong,negatif
kuliah banyak praktikum,positif
metode bagus arah sampai materi mata kuliah dalam sulit tugas,negatif
saran tingkat alam kuliah banyak ajar materi serta praktek praktek mandiri,negatif
banyak praktikum,positif
moga sarana prasarana perhati  agara ajar nyaman kendali,negatif
saran kuliah santai tugas mahasiswa semangat tingkat kuliah,positif
sedia sampah kelas spidol remote ac,negatif
metode terap depan bagus orang ga dar teori suka praktik langsung paham matakuliah,positif
saran perhati akses wifi yg mhs ruang kelas bersih utk tingkat nyaman kuliah,positif
pribadi mata kuliah pilih rps inovatif ajar efisien paham mahasiswa sistem kelompok monoton,positif
lengkap kait sarana prasarana giat kuliah optimal,negatif
alam beda mahasiswa alam beda,positif
saran tuju tingkat kuliah referensi materi lengkap spesifik materi materi lengkap sampai materi,positif
saran moga kuliah depan praktikum juga teori saja matkulnya teori saja praktikum segi cukup depan mata kuliah praktikum mata kuliah,positif
saran dosen ajar mudah mahasiswa faham betul,positif
saran kuliah kerja kelompok mahasiswa mudah paham tugas susah,positif
tambah jam praktikum materi implementasi langsung pandu dosen ajar,positif
saran moga kuliah tugas,positif
saran rekomendasi kuliah bersih jaga mahasiswa,negatif
saran nya tingkat alam kuliah masa terap metode kuliah,positif
harap kode pemrograman presentasi mahasiswa dosen dosen jelas tambah kode pemrograman,negatif
saran project,positif
saran kait laksana proses mbkm depan transparan maksud hari kabar kait masuk tidak kuliah berita materi pdf kait materi kuliah itu,negatif
harap bagi materi mata kuliah jalan mahasiswa ajar lanjut,positif
beranda andai pinginnya sen materi ajar sesuai seng tugas,positif
mohon informasi dosen halang hadir dinas kota serta materi baca baca mahasiwa ganti kuliah online,negatif
mata kuliah praktikum jujur pribadi terkadang bingung contoh,positif
sisi dosen ajar teori jelas praktik banyak tugas praktik,negatif
kurang tugas tambah program mentoring,positif
sedia alat praktikum jamin praktikum 1mahasiswa milik alat praktikum,negatif
praktikum tingkat soft skill mahasiswa asah dunia kerja,positif
matkul sister praktek pindah lab,positif
jadwal mudah mahasiswa jam 4 sore mahasiswa udah capek ngantuk,negatif
saran staf kampus mahasiswa jaga rawat sarana prasarana kampus nyaman cipta,positif
ajar buka kampus seru sendiri,positif
kuliah tingkat sumber refrensi tutor yutube mudah paham,positif
kait jadwal atur lagi mana mata kuliah penuh jadwal sore imbang atur hari 2 3 mata kuliah,negatif
saran giat kuliah laksana sesuai cantum rps jadwal halang ganti via daring terimakasih,negatif
kuliah kalo maju jam nya sore pulang,negatif
kelas dosen hadir video ajar kait materi tugas kait jam buang sia,negatif
tambah dosen spesifik fokus mata kuliah,negatif
kuliah sesuai jadwal selesai kuliah mundur,negatif
saran libur nya kalo jam matkul nya majuin dikit,negatif
kuliah libur ganti tetep ada kuliah,negatif
aktif kelas partisipasi diskusi dosen milik tanya bantu paham materi bangun hubung dosen,negatif
parkir mohon benah pada,negatif
tingkat kurang sebut atas,positif
saran kuliah kembang sarana prasarana dukung kuliah,negatif
tingkat sarana prasana pada alam studi,negatif
perhati fasilitas ruang kuliah kamar mandi urgent pelakasanaan ajar dosen kompeten mohon ganti,negatif
saran rekomendasi tingkat alam kuliah baik pikir saran rekomendasi apa,positif
saran  kuliah depan fasilitas alat alat sedia prodi hehe,negatif
materi sesuai butuh mahasiswa guna dunia kerja bekal hidup,positif
ajar ajak musyawarah,positif
depan mata kuliah dasar pemrograman tambah sksnya tambah materi mahasiswa erti paham mata kuliah,positif
usul pasang lift gedung singkat kelas,positif
depan,positif
tambah sks praktek dosen alam,positif
awam kuliah rekomendasi saran,positif
sarana prasarana alat lengkap,positif
kosong tetep materi tugas masuk buang sia sia,positif
rekomendasi nya jam kuliah sore mahasiswa fokus,positif
saran depan nya maksimal praktik nya paham materi,positif
depan bentuk kelompok mudah paham matkul,positif
tingkat prosedur jadwal mata kuliah sore,positif
saran ajar online ofline,positif
ajar sesuai krs beri harap jadwal ajar,positif
detail materi,positif
tingkat sarana prasarana tunjang kuliah efektif praktikum,positif
mnurut kuliah efektif materi iring praktik langsung mnurut efektif,positif
sarana prasarana tingkat minat prodi ti tingkat,positif
case tantang,positif
sarana bsa,positif
ajar kaut sampai materi pelan,positif
sarana prasarana lengkap wifi,positif
coba ajar dosen keliling belakang dosen depan jarang feedback,positif
manfaat terap hari manfaat teknologi kini,positif
baik sarana prasarana tekan kait ajar langsung,positif
depan nya dosen mata kuliah contoh tugas projek,positif
ajar,positif
detail depan,positif
saran tingkat alam kuliah ajar sekolah kampus,positif
saran maningkatkan kuliah tugas print,positif
kembang program chat lanjut tugas selesai dosen tampil milik dosen,positif
saran ubah jadwal pagi mahasiswa semangat2 nya habis mandi,positif
tolong prodi ti konsentrasi hardware sk perhati lagi kurang minim fasilitas,positif
tingkat fasilitas kampus,positif
wifi tambah kelas sistem komputer ajar jalan baik lift rooftop main main,positif
kuat praktek syukur syukur praktikum kampus metode ajar monoton,positif
ruang kelas bagus meja kursi kasih sarana alat barang praktik,positif
mahasiswa praktek nya jam kuliah sela waktu kosong asah ketrampilan mata kuliah,positif
saran tingkat ajar asyik biar ajar biar ajar santai tegang,positif
bimbing fasilitas praktikum cek,positif
ada latih praktik kait materi kuliah kait dunia kerja,positif
tingkat kualitas jaga kualitas segi sarana maupum prasarana kait kuliah,positif
saran kuliah banyak event event mahasiswa minat,positif
moga kuliah jalan lancar depan fasilitas dukung,positif
kuliah tugas kuliah baik dosen  paham mahasiswa nya paham materi yg dosen matkulnya,positif
